id,X,Y,M,V
2800,-274.5741702741703,-60.74283309283309,80.87566738816737,0.5801767917267912
2801,309.4542688792689,-324.50869408369414,84.31411736411742,0.63222582972583
2802,-244.50766178266178,196.08910533910537,84.55783244533247,0.5501269526769526
2803,253.34261664261658,256.41004273504274,97.2667482979983,0.5984348410848412
2804,-210.16061808561813,205.82989417989418,86.32961691086692,0.5747519055019054
2805,295.0330447330446,-86.99559884559883,91.83691678691679,0.6163304232804232
2806,-210.23068783068786,266.3930735930736,97.07455253080258,0.6108619232619231
2807,-96.2258362008362,-275.11368908868906,100.82028943278942,0.5908416786916787
2808,-213.49353239353243,144.01233118733117,84.1078340640841,0.5832980852480855
2809,165.0905483405483,348.0055315055315,94.04168470418468,0.6661515632515633
2810,-11.612301587301587,100.10833333333333,83.12598304473308,0.5990154882154881
2811,-273.75753968253963,293.1075396825397,83.36863460613458,0.5603000832500835
2812,273.37485569985563,280.8889841639841,105.30299353424351,0.6191401098901099
2813,-57.39449254449253,-22.52786565286565,83.73244787619785,0.5654710567210569
2814,-44.36667869167871,-124.26091038591039,104.51048511673515,0.585892672142672
2815,-131.0693843193843,-251.73569023569036,101.44980759980761,0.5892001924001921
2816,11.04694564694565,-220.48899988899987,102.59790834165834,0.5825604358604352
2817,-21.25133477633478,-171.302380952381,96.03616221741225,0.5685647186147178
2818,63.675793650793665,132.49199134199137,83.23370564620568,0.5968517353017353
2819,149.63571428571427,-194.59521404521408,96.57135341510345,0.6053148388648388
2820,226.43228715728716,-350.15922318422326,79.55156394531394,0.6079613590113596
2821,-278.45150312650316,-46.922330447330445,79.72344576719581,0.5601057239057234
2822,315.2491462241462,162.67764550264556,97.9445665445665,0.522705511155511
2823,198.23716931216936,-95.22162097162095,96.08188732563728,0.603971115921116
2824,164.8160052910053,-291.73633958633957,85.99984066859065,0.6378949975949982
2825,218.26482683982687,-366.14044011544013,75.90847532097536,0.5867177082177089
2826,223.1357142857143,132.96911976911977,95.16990208865212,0.5505085211085204
2827,264.26688311688304,144.34246031746034,102.80352795352795,0.54134343989344
2828,290.8199975949976,166.09200336700343,93.93511303511303,0.5302840788840791
2829,1.4245310245310254,118.09421226921229,90.7546289358789,0.5744616809116806
2830,178.56025456025466,-11.264979464979467,91.4788385225885,0.5953739519739519
2831,-74.76731786731789,134.59716764716765,89.55537263662262,0.6043211806711803
2832,312.4748196248196,-326.38357383357385,83.03474627224627,0.6123296536796536
2833,-233.53981481481475,-187.17469937469937,91.98730875605874,0.6378355385355383
2834,205.06031746031746,-308.124062049062,95.08873418248413,0.7315932030932031
2835,54.932671957671964,140.23446368446366,91.65392616642619,0.5945291245791242
2836,-344.6185185185185,235.48587061087062,84.93194143819144,0.5337770562770556
2837,97.40262145262147,15.41535224035224,94.92212833462831,0.5806957357457353
2838,-111.03956228956228,-228.0318903318903,83.66752344877345,0.6219805916305912
2839,-12.640127465127469,181.38696488696482,96.30533101158103,0.5921225626225624
2840,303.94613997114,162.11725589225588,94.82577006327007,0.533448101898102
2841,15.909680134680139,-307.29411884411877,84.11403457653458,0.5825293558293552
2842,-67.34522607022608,296.72499999999997,116.40682812557807,0.6235399988899986
2843,-219.61481481481488,-307.58158970658985,101.98692881192879,0.6486405242905242
2844,-279.066847041847,233.0530423280423,93.9689343064343,0.5654047193547197
2845,243.79731842231845,-128.9975746475747,80.0632298257298,0.6090320901320894
2846,132.5427248677249,-291.6810846560847,85.56286375661375,0.579154232804233
2847,299.56825396825394,-176.35355940355936,102.96182058682055,0.6903255170755168
2848,19.25132275132275,125.32864357864358,90.50679736929737,0.6174372497872493
2849,285.41570466570477,-22.5335618085618,92.10243437118434,0.5503464276464274
2850,-299.70097402597406,-56.37524050024048,80.98973364598363,0.5647307840307836
2851,201.45793650793647,-109.45127465127467,89.68773749398743,0.622938792688792
2852,-320.27252284752285,-176.74993987493988,83.89179292929289,0.6133307359307358
2853,309.51999759499756,-326.9927729677731,83.46707251082252,0.5951844396344399
2854,-319.58572168572164,-53.252930402930396,82.89483849483852,0.6062997835497832
2855,-268.8068302068302,227.11628186628192,97.61801439301438,0.5794894586894586
2856,-175.9308080808081,-315.25061327561343,105.81302540052545,0.6199927035927033
2857,123.76903559403561,-63.41696729196732,99.45677910052908,0.5737199615199613
2858,-96.03587246087247,156.43639323639323,92.65050967550967,0.6244426702926708
2859,-18.821214896214894,-109.39625652125653,102.1789233914234,0.5896257205757203
2860,-344.2420634920635,170.80527898027898,71.72978040478044,0.561314163614164
2861,30.566859066859056,215.10829725829726,89.29358766233769,0.5592493265993264
2862,113.67727272727272,114.437506012506,79.61213346838346,0.622167288267288
2863,-313.64119769119765,305.00989658489647,101.69635688385686,0.6075603008103009
2864,-269.9308682058682,-77.3803992303992,83.95030663780665,0.5865345358345355
2865,314.2250240500241,-317.2166065416066,87.12050565175564,0.6227153439153432
2866,169.4550264550264,-70.37310004810004,89.92739991489992,0.6585091186591183
2867,322.6198653198653,188.0165584415584,94.33824185074184,0.5219029119029118
2868,5.833140933140932,-102.15672013172014,100.5955132830133,0.5903929366929367
2869,-20.598148148148155,103.5318783068783,89.03238936988944,0.5855208513708515
2870,-190.67040644540643,-173.95915103415106,96.58054052429053,0.6270045214045211
2871,-28.612037037037044,115.87718855218857,79.06711760461766,0.5979058441558444
2872,-200.70559625559633,-147.80768398268395,97.12215145965146,0.6021638805638803
2873,39.32898027898026,-317.4236772486772,105.83535654160657,0.6327684944684941
2874,100.07943722943723,-90.54760702260701,107.13572122322122,0.665738794538794
2875,88.19047619047618,-257.6395021645022,96.93445466570466,0.6046517556517561
2876,16.42420634920635,-287.1285464535465,102.35704503829506,0.5889297165797158
2877,231.57949735449733,156.74874939874942,98.37267986642988,0.5272185740185739
2878,81.42085137085134,-169.8513024013024,90.2528298090798,0.5929509564509559
2879,311.0565656565657,322.7571308321308,100.05747655122654,0.5602845358345362
2880,310.50716690716695,-323.8102212602213,80.01396404521404,0.5985544492544489
2881,-246.72764550264552,41.9246151996152,81.06251503126505,0.5752229677729678
2882,-283.70013227513226,183.25052910052906,81.55140438265435,0.5951307784807781
2883,-186.79977152477156,-33.68386243386244,93.87545995670992,0.6007738095238091
2884,311.0209114959115,166.81321548821555,101.1960948773448,0.5302064213564212
2885,0.9343434343434341,-109.60366207866207,109.45849197099194,0.5742448292448294
2886,223.93055555555563,-316.1090067340067,77.55281385281386,0.6410002886002886
2887,-214.13909331409332,120.12590187590189,78.10797859547856,0.5973761664261662
2888,-214.17025012025016,199.0131794131794,89.14403258778256,0.5624756854256854
2889,141.05369167869168,-57.215720390720406,94.42799954674952,0.5768786269286266
2890,262.8093674843675,-40.831084656084656,103.26936327561324,0.6118182780182778
2891,66.62303992303993,126.96581289081286,77.55112896362901,0.5644815943315943
2892,90.78672438672439,134.6850529100529,91.46102022977026,0.5885432252932254
2893,-295.5964285714285,-323.9137566137567,121.75954415954422,0.6196220686720684
2894,-33.28886483886484,-292.6449735449734,102.46036556036557,0.6093742183742183
2895,-221.20925925925928,-329.02456709956704,101.44239417989417,0.6133407647907644
2896,-95.92720057720055,-79.3293206793207,99.84543280793282,0.5560332685832685
2897,134.28478835978837,-309.0593554593554,89.78727753727755,0.5834001924001925
2898,91.53603896103897,-300.11357623857623,94.28236531986535,0.5700746031746031
2899,-193.76217116217123,178.9414021164021,87.72149031524032,0.573844239094239
2900,191.4133597883598,-154.30039682539686,97.59466459466455,0.6224431531431529
2901,138.32170514670517,98.5733525733526,78.99365981240982,0.555994781144781
2902,-161.31825396825397,-306.246127946128,104.83464706589704,0.6385749158249161
2903,-80.45291005291004,251.06574074074072,96.75440901690898,0.5766035705035707
2904,-259.348051948052,266.59146224146235,102.27325637325636,0.5940990379990374
2905,295.7030423280423,-85.35353535353536,86.42052068302065,0.6237014670514666
2906,-27.834788359788355,-73.61398508898507,104.96115319865316,0.6039339586339583
2907,-124.9658831908832,-130.43809523809523,91.10106328856328,0.5962828116328115
2908,97.16602934102934,109.88195045695043,76.79034322159322,0.5897161209161205
2909,14.735978835978838,163.4202380952381,90.00517168017164,0.5807073389573384
2910,106.05910293410294,139.98911736411736,96.91953231953237,0.5851865467865461
2911,52.860954785954775,-289.4042078292079,95.64808085433084,0.5505690735190738
2912,-276.7771043771043,369.9179413179413,109.30187890812896,0.5940674362674362
2913,79.46560846560847,104.67063492063491,87.50456649831644,0.5856996151996151
2914,-282.39580512080505,238.71812169312165,92.57341847966848,0.5570934139934142
2915,9.875974025974026,-290.1530423280423,93.81996753246754,0.5876453342953339
2916,-97.11410533910536,-201.55481000481,95.69650372775368,0.6017821308321302
2917,-43.698075998076,-220.64023569023576,90.03897607022606,0.5471217171717169
2918,71.82883597883598,-304.9880952380952,97.65376984126978,0.5909808802308799
2919,132.88783068783064,148.33898508898505,90.56596782846782,0.5388202667702666
2920,219.35656565656566,-314.51016113516107,73.07602813852813,0.5933773448773448
2921,72.70859788359789,116.28862433862439,77.41051055426057,0.5616425833425829
2922,-106.71468253968254,-92.22107984607982,95.93839586339587,0.5917241462241454
2923,23.505952380952383,17.41792559292559,88.49950836200836,0.592270527620527
2924,219.40715488215486,-352.5421717171717,70.60594983719983,0.5835616198616199
2925,-297.4133357383357,172.23399470899471,77.65687876937876,0.5725890276390279
2926,-247.1343813593813,284.6549543049543,96.65077977577978,0.5881191364191357
2927,-248.86559644059648,257.8605154105154,95.93048271173267,0.5696064454064452
2928,-359.5948847448847,-117.39896214896218,94.6847645410145,0.5957878066378066
2929,31.45337902837903,92.51894771894773,92.72629500129497,0.5798230325230324
2930,-100.45762385762389,-29.207639582639587,84.0044446294446,0.6308624949124948
2931,12.055110630110631,15.195262145262147,94.52871272246273,0.5910527898027892
2932,278.48460798460803,285.2877936877936,105.748405992156,0.6275779886779886
2933,67.5399951899952,114.71494708994709,91.76776394901394,0.5787968253968254
2934,322.03095238095233,-229.41296296296292,79.18367003367004,0.6271147667147664
2935,-219.99166666666667,-310.8047138047139,107.93432169682168,0.6471301975801973
2936,-44.95346320346321,-262.02821067821077,96.56197390572392,0.5832737614237614
2937,189.45971620971616,-27.404308654308668,99.73354908979908,0.5627957005957004
2938,128.57433862433865,-182.4884920634921,97.89140512265516,0.5935104617604616
2939,29.792700817700805,-307.9705137455138,112.2170378232879,0.5923843101343097
2940,-262.4298821548822,151.60318662818665,85.53118686868687,0.5710018037518038
2941,-43.992087542087546,-58.43995078995079,91.47117835867837,0.5507322344322338
2942,-314.202417027417,314.62947330447327,104.91756299256295,0.5992369482369483
2943,4.707311207311206,-186.85085377585378,102.50136183261183,0.61392582972583
2944,89.725,103.84015151515152,84.25357073482074,0.6059077755577751
2945,-24.777272727272727,146.42027417027413,98.50144300144294,0.6229141173641176
2946,257.4910052910053,-328.75140692640696,78.27897426647425,0.6169409331409329
2947,16.80281385281386,-284.6452491952492,107.32906884781887,0.5899645891145887
2948,228.68471620971619,332.5135059385059,99.58031389906392,0.6220605598105593
2949,143.09518999519,74.92663170163168,98.15345048470044,0.6143985884485882
2950,0.836447811447811,124.31392496392495,80.57052068302072,0.5743786676286675
2951,119.65384800384805,170.13161375661372,92.39487133237135,0.5772227994227992
2952,-5.731072631072632,-276.70204425204423,103.94289622414622,0.6022418229918228
2953,72.50621693121694,131.33949013949018,84.00312049062047,0.6029691678691677
2954,167.965873015873,-287.7637686387687,89.46046522921522,0.5927150349650349
2955,-7.150264550264549,151.96158008658006,96.09865620490618,0.593576887926888
2956,6.790704665704665,-295.4294733044733,91.56565355940354,0.5491416546416548
2957,-208.93126503126504,-369.68120490620487,93.95679713804715,0.6310225589225585
2958,-349.53647186147185,183.03929773929778,103.50977934102931,0.5891166426166425
2959,-14.128751803751795,-92.48456358456356,98.47897357272352,0.581286852036852
2960,-203.57855940355944,-176.23929773929774,97.21925805675805,0.6136333814333811
2961,-69.41750841750842,240.39652477152475,89.18218540718546,0.5638322344322342
2962,-232.41591926591926,-160.08523328523327,90.92881401006402,0.5966728308728305
2963,10.219227994227994,-291.0789192289193,97.85955225330227,0.5881805583305575
2964,-15.862905612905616,-66.06948884448887,81.35507036536451,0.6107950567950562
2965,75.00703463203466,124.81917989417991,96.7729934417434,0.595048934398934
2966,-115.00031265031262,-185.1814814814815,100.70974326599323,0.5818934343434343
2967,315.7869408369408,146.43547378547382,96.72329545454538,0.5371975228475229
2968,71.87228234728236,43.175814000814,90.64020192770191,0.5802920801420794
2969,47.055772005772035,103.38036315536314,91.46921897546898,0.5688967772967769
2970,11.461904761904764,-211.50575905575909,104.3903302715803,0.5743687497687495
2971,205.2244107744108,-88.43819143819147,80.81995712620711,0.6273810171310165
2972,129.8377705627706,-192.35689033189036,94.965638990639,0.6042360139860138
2973,11.209920634920632,-112.65527065527066,108.17786426536426,0.5911959910459907
2974,0.1128306878306906,133.6741554741555,88.99483710733713,0.6314023587523588
2975,212.90015632515627,-125.48478835978837,91.77503607503607,0.6077037259037258
2976,297.0905483405483,-308.20206830206826,74.47237253487255,0.5990537037037034
2977,-287.6826599326599,-159.73644781144782,87.40325577200572,0.5871978114478108
2978,87.8455747955748,-60.4464405964406,87.50291097791097,0.663448945498945
2979,3.4444444444444433,154.49028379028374,99.91822159322159,0.6228120157620155
2980,309.2842592592593,-306.0332972582971,92.03269600769602,0.6506409331409324
2981,279.116305916306,155.95091112591112,92.58311919561919,0.5540816535316534
2982,-260.33492063492065,267.12219817219824,100.52729978354981,0.5752415343915337
2983,69.93983886483888,-291.71130351130347,96.26078342953339,0.6052474266474266
2984,271.0666666666666,167.30661375661376,97.3329154641655,0.5382428330928328
2985,20.244805194805192,-231.14241499241498,89.16158378658378,0.5563908591408586
2986,53.48439153439152,114.58134920634922,86.2599897787398,0.5981221260221261
2987,-127.1819023569024,-69.3626503126503,91.96629710159124,0.5950397232397225
2988,156.46091871091866,-41.99676527176526,105.13355880230878,0.5545639730639731
2989,102.51002886002885,-204.96785714285716,79.94862914862918,0.5915178451178443
2990,307.41219336219325,269.3353775853775,104.24102332852328,0.5654561207311207
2991,84.77056277056276,-299.09620009620005,89.12690596440596,0.5695717893217895
2992,-236.3594155844156,159.60416065416067,72.16915283790289,0.5472752044252047
2993,292.67956950456954,-163.92307599807597,83.92880059755058,0.6112467125467123
2994,-249.5305435305435,292.2007215007215,96.9768005143005,0.5679030321530317
2995,-163.89518999518998,-306.24391534391543,102.03010461760464,0.6371069985569989
2996,-68.95916305916306,-283.9192881192881,98.90873917748918,0.5761758056758055
2997,-178.8637926887927,228.13563566063564,96.78071419321417,0.5647026455026449
2998,-90.07010582010581,242.86274651274647,94.70851671476672,0.564876887926888
2999,-225.21442816442814,-126.0998677248677,87.77736198986197,0.6074735042735038
3000,-305.37337662337666,148.37734487734488,74.28687932437931,0.5727353886853885
3001,-4.34319384319384,-145.44682909682913,98.58195878195878,0.5813884633884632
3002,304.9029220779221,-336.652356902357,81.54308931808932,0.5870481074481071
3003,7.753463203463204,-245.37320827320835,101.02618446368444,0.5288226310726312
3004,44.62123617123617,-309.6195646945648,96.77780252155259,0.5997767750767748
3005,301.94470899470895,281.82334054834047,101.92525853775848,0.5851232323232327
3006,309.9970418470417,-159.13822751322755,95.16182359307355,0.6632204425204427
3007,-58.647210197210185,145.8590428090428,85.07019184519184,0.5812950327450326
3008,53.08584656084657,121.00735930735934,84.50191798941799,0.6080734728234725
3009,-259.72349687349686,314.09007936507936,96.84344937469936,0.5691034151034148
3010,-249.20162337662333,298.2489112739113,83.52101162726164,0.5552115310615309
3011,7.339814814814818,119.35859788359791,96.87934102934103,0.6314933140933138
3012,-354.7368686868687,229.5550865800866,82.99990981240977,0.5673778258778258
3013,223.1201058201058,-319.4136363636364,70.50387020387016,0.600794930994931
3014,-398.28624338624337,-200.28333333333333,66.25105334480338,0.6854497761497762
3015,-44.502248677248666,175.31732804232806,102.58721741221734,0.6141910052910048
3016,-242.14059644059645,261.5550024050024,97.241890979391,0.5715788230288229
3017,143.15598845598845,-189.0194601694602,98.99242354867357,0.5721285788285786
3018,49.17857142857143,129.30747955747958,84.04832713582712,0.5804993191993192
3019,47.4984607984608,112.19583934583936,85.91001452251454,0.5950253635253635
3020,-350.36308506308507,159.3683621933622,81.88006068006067,0.6056482609982605
3021,-319.324013949014,151.50345117845117,71.35393217893215,0.5516874939874937
3022,-303.040873015873,226.58608706108706,97.37563431938432,0.5504372534872533
3023,16.125216450216445,-105.4428127428127,95.09139541014541,0.5837912772412769
3024,-3.0830687830687817,-275.9332852332852,104.36539502164504,0.5820605820105821
3025,303.85568783068777,317.29834054834055,104.97541971916971,0.5716287157287155
3026,-175.6997594997595,301.8361952861952,104.97540283790283,0.5643569023569018
3027,45.06507936507936,-5.372466422466422,95.11433913308916,0.5805817867317862
3028,-321.74941077441076,150.26720779220776,73.3192099567099,0.5474692400192399
3029,180.77843915343917,-3.550661375661375,99.42689023939023,0.5926241332741332
3030,-254.0778138528139,335.3003968253968,99.71856106856107,0.5621524605024601
3031,386.1268518518519,118.41527176527175,88.11474752099751,0.5668608262108262
3032,63.280471380471376,-276.8641534391534,99.32948232323228,0.6115049783549782
3033,259.86387686387684,269.0871202871203,111.68922790172793,0.6299510286010285
3034,-4.555206830206831,-97.88582621082621,96.74182530432537,0.5764264383764383
3035,266.0351851851851,-38.69113756613757,96.26726953601954,0.6133857790357787
3036,-2.1754930254930276,127.97175324675327,91.07720150220152,0.5926768675768672
3037,145.93676046176049,-67.40294612794614,107.10972823472827,0.6607974969474969
3038,-230.3083333333334,-142.42142857142858,96.84718915343915,0.6159941798941796
3039,8.12900432900433,90.32896825396824,87.60927220927219,0.5939888444888441
3040,-78.7790959040959,-109.56232193732193,97.17252007252009,0.574892664742664
3041,16.717556517556524,-321.7833444333445,93.75758315758318,0.5748785140785135
3042,31.308333333333334,158.83597883597884,94.64332311207316,0.60662797017797
3043,-10.300661375661374,108.34113756613759,80.05950577200576,0.5313819624819622
3044,-99.89999999999998,-25.1176443926444,81.5537141099641,0.5974861841861845
3045,-284.90330687830686,220.92380952380955,96.09176286676285,0.5865719576719571
3046,275.2412217412217,261.31225533725535,103.21994995744994,0.5990929218929221
3047,216.70740740740746,-130.1834091834092,92.48765563140564,0.6155766289266282
3048,117.70456950456949,127.74306156806163,94.27854437229433,0.582153198653198
3049,76.79349446849446,-254.4484126984127,110.69795875420877,0.5622745532245529
3050,-112.22130832130831,-81.95677008177009,106.36233164983163,0.5640465608465608
3051,20.982359307359307,354.67772967772976,87.39289321789319,0.5582440355940352
3052,-177.9474386724387,-284.2739417989418,106.2210768398268,0.5952100288600284
3053,-39.515211640211646,-107.35678580678578,95.41337713212714,0.5895722296222293
3054,-261.58179413179414,202.09170829170833,92.56695503570504,0.5835734432234427
3055,110.28689273689274,124.32190957190959,80.66032925407924,0.576543214193214
3056,-195.19842472342472,314.81922799422796,94.4999579124579,0.5513588744588735
3057,316.69151034151037,166.041810966811,97.04353354978349,0.5157089706589705
3058,16.904749879749883,-189.31995226995232,102.17387797387799,0.5813553964553961
3059,49.71613756613755,-43.45699023199025,85.21601962851965,0.5670150867650863
3060,136.27515632515633,116.52128427128426,87.17130832130832,0.5502758778258777
3061,-8.7021164021164,132.69107744107743,91.6381710881711,0.6245756280756283
3062,-42.46153198653201,-119.75913900913906,104.62284451659455,0.5855981000481
3063,304.98950216450214,279.65191197691195,108.39949194324191,0.5545716690716691
3064,120.53869648869652,-72.81479076479076,90.07456709956712,0.5658849206349208
3065,-349.9128306878307,207.41791726791726,90.49094377844379,0.5846431327931325
3066,-46.68661616161617,-312.8819023569024,103.53965548340548,0.5929941317941316
3067,-19.005387205387198,196.5854941354941,94.62320757945757,0.5832967939467936
3068,8.222378547378545,123.85846560846561,91.96820586820584,0.5838625060125063
3069,11.83518241018241,-69.90192030192031,84.18635184260187,0.5990945517445513
3070,-1.3858465608465624,115.0373015873016,79.87763047138048,0.584623136123136
3071,209.75173160173162,-270.705266955267,92.36329966329961,0.5936960076960076
3072,168.36031746031748,-164.09735449735447,105.58747363747365,0.6203973137973129
3073,293.6642616642616,147.59623617123623,97.47561211936214,0.5420575036075034
3074,159.82688792688793,-174.61825396825398,88.08888287638288,0.6061563732563725
3075,182.03219095719095,-68.71185666185669,93.77401325526326,0.6569822621822624
3076,-98.00462962962962,-333.9974867724869,96.59403860028858,0.635459571909572
3077,53.27643097643097,21.497895622895623,98.21611351611351,0.5994450697450692
3078,-84.66370851370853,-232.88941798941804,94.46898448773447,0.6217696488696488
3079,225.83493265993263,299.57564935064926,96.79963023088027,0.6381722222222224
3080,219.6607984607985,251.86131738631738,99.57647514522519,0.5663372386872388
3081,81.80455747955747,138.22312409812412,86.05630596255597,0.5769003367003368
3082,-196.24428811928811,311.951455026455,96.31603535353536,0.5537553872053866
3083,331.4732082732083,182.6890452140452,94.19389776889774,0.5310044030044028
3084,34.35621693121695,151.7730158730159,90.20070947570952,0.586583742183742
3085,-8.080471380471382,-185.0208513708514,102.0018698893699,0.5773675324675317
3086,-268.20303215303215,261.77667147667137,94.18640549265548,0.5528621101121098
3087,138.3691317941318,-293.6428571428571,89.34261964886957,0.5958715728715732
3088,323.72039442039437,187.23498075998077,93.47326770451768,0.5203845857845855
3089,123.6659571909572,37.85482202982202,91.52467532467527,0.5845189273689267
3090,57.84114959114959,-310.99153439153434,97.48272907647912,0.6023728234728232
3091,298.0552429052429,-170.68991101491096,84.35502645502645,0.6558365560365558
3092,68.44775132275132,-63.24007936507937,88.6041366041366,0.6137702982202975
3093,23.26059403559404,-297.73891293891296,95.79518398268398,0.5808799903799905
3094,-369.20396825396824,190.44116161616165,103.80937349687346,0.5809564694564693
3095,111.89830447330448,122.86118326118327,79.97371332371335,0.6031602453102449
3096,230.59266474266474,-164.825493025493,81.05185485810485,0.6191749158249155
3097,-91.84093314093315,-34.754128279128274,95.4441271691272,0.6044696377696376
3098,163.90485810485808,-326.0575156325156,95.14489908239909,0.5950791319791319
3099,-186.08324175824174,-160.3820226070226,89.57423178673179,0.615887040737041
3100,40.17747715247715,116.53845228845226,96.11229531633944,0.5771233618233613
3101,99.22789802789801,-20.05527065527066,87.65611610611613,0.5902621101121099
3102,-237.27511840011843,-137.6304954304954,87.60450244200246,0.616515375365375
3103,133.12947330447327,-49.88344155844156,95.7960497835498,0.5653901635401634
3104,64.6882275132275,149.23253968253968,89.28010323010325,0.5859167795167792
3105,321.6170634920635,329.38050468050466,103.31873080623083,0.5994296795796799
3106,-181.10573593073593,346.75674603174593,92.11428687053686,0.5283775169275169
3107,311.78352573352566,-177.96546416546408,82.4847522847523,0.6529797258297254
3108,191.43161375661376,-166.25277777777777,97.12790704665703,0.619320418470418
3109,42.87579365079364,126.49047619047623,90.89003843378843,0.6218427202427199
3110,74.59315776815778,-307.26878306878297,81.58871868871864,0.5544644355644354
3111,59.733249158249166,-27.085401635401634,107.94596861471865,0.6206713323713321
3112,-119.47129629629626,-328.2040524290524,106.05843855218858,0.6459223424723419
3113,313.58584656084656,-330.4159692159693,85.76844035594037,0.6041878547378545
3114,-296.5946988196988,273.6156926406926,99.80512242387246,0.5476890942390942
3115,71.41415343915344,-75.50965608465607,97.1854286916787,0.5727792207792208
3116,14.696164021164023,156.88373015873012,108.28032569282573,0.5915402282902281
3117,211.68965848965846,312.5661616161616,96.6979076479077,0.6351354737854732
3118,-247.5693362193362,262.3272967772969,99.12624759499754,0.5696299903799897
3119,-276.58718133718133,-71.17371332371332,82.66794733044732,0.5952328282828283
3120,-298.5488095238095,-100.2032227032227,84.0133898508898,0.6068527898027896
3121,161.04431216931212,106.93267195767199,58.84279216154219,0.5717867280867276
3122,13.798280423280424,-298.5487253487254,93.99557479557477,0.5947824915824912
3123,-78.4175925925926,326.38804713804717,99.31604136604136,0.5579023088023084
3124,-0.33281625781626245,-156.59215969215967,95.69862313612317,0.5845299422799417
3125,135.73318903318898,-33.67136844636845,103.50926226551228,0.574955074555074
3126,276.146115921116,-355.47536075036084,75.122271016021,0.5716795889295889
3127,-124.48694083694085,-11.489758389758395,95.18683399933398,0.5657713693713694
3128,69.47865560365558,-162.92788970288967,100.1888266825767,0.5964170940170933
3129,245.2817821067821,-296.1084175084176,93.91032347282344,0.5824331890331893
3130,-216.53981481481486,184.3195767195767,92.3208442020942,0.5651915935915935
3131,95.59289321789325,85.54570707070707,74.29844276094276,0.5516063492063492
3132,43.811544011544015,263.2273448773449,96.47931998556994,0.5958510341510339
3133,-51.87655122655122,-65.17858345358344,87.11440596440599,0.6069137566137563
3134,296.8282106782107,160.97784992784997,96.37021589521584,0.5367570466570463
3135,-289.1708152958153,334.76410533910536,97.87875180375183,0.5741110870610868
3136,59.96122951122952,223.19408369408376,90.47909081659083,0.5772766169016168
3137,305.6319384319384,-82.90714285714284,95.58290644540642,0.6137804232804237
3138,-138.823544973545,183.82189754689753,89.35615379990381,0.5864956950456943
3139,41.41084656084655,-30.49864117364118,102.31231361231362,0.6207076960076958
3140,263.8411375661375,150.59967532467536,93.84391511266509,0.5303560587560585
3141,45.79642857142858,127.40464165464168,78.70039983164983,0.5759668109668108
3142,-2.3524651274651283,-308.8072381322381,101.54445184445184,0.5986246420246412
3143,9.37526455026455,120.37751322751322,87.7941498316498,0.6208922077922077
3144,32.03835978835979,-312.6354497354498,95.541335978836,0.6180375661375657
3145,94.5867724867725,96.13036315536317,83.26141173641174,0.588849374699374
3146,-220.88138528138526,252.85182780182785,86.98252164502166,0.5467645983645982
3147,275.89972342472333,292.38334720834723,102.73882622007623,0.5932106467606469
3148,-240.33510101010097,344.9101851851852,91.49203689828691,0.5324641062641059
3149,312.09060846560845,165.25905483405484,92.45168095793095,0.5211327098827099
3150,-339.2338143338142,-130.32023809523812,87.9751262626262,0.5974635401635396
3151,-5.3448532948533,192.31253006253004,90.27599599474598,0.5794898305398303
3152,121.59682539682537,359.13217893217904,87.16222804972807,0.6841684537684531
3153,-353.4325563325563,-145.33108465608464,98.72993464868466,0.6136895419395414
3154,116.834126984127,-109.72520812520811,92.28441396566396,0.5889853664853666
3155,-35.88410293410292,-300.1523809523809,102.8510221260221,0.5975762626262632
3156,308.33880471380473,151.2712602212602,93.95778018278014,0.515624579124579
3157,303.4537037037037,152.6602453102453,89.09564393939397,0.5282524124024124
3158,22.77656325156325,-296.4054954304954,99.25500240500246,0.5721556998556995
3159,73.98664021164024,-275.4531024531025,98.27222222222224,0.602196657046657
3160,107.24505772005774,140.10216172716173,92.88013098013101,0.6058747659747662
3161,84.51684704184702,-327.1519230769231,83.66730237355237,0.57060633995634
3162,314.4696368446368,-121.02641895141893,93.62546296296293,0.6256080567580564
3163,44.375925925925934,105.98353775853779,80.04813612313615,0.5708204906204908
3164,9.259944684944683,216.18645983645985,88.13628547378548,0.5354067340067342
3165,-271.7867724867726,206.36664261664262,95.78553090428089,0.5706146224146222
3166,-271.34271284271284,351.61424963924964,96.48321886446887,0.5624212139712136
3167,207.94232804232797,-151.20245680245677,85.11676818551814,0.6054123931623926
3168,-16.543650793650798,50.50056517556518,99.24669913419912,0.6018339586339579
3169,251.72277537277532,-260.20537518037526,88.524306018056,0.5582627742627739
3170,234.21322751322748,-174.44629629629625,93.7232871295371,0.5937282661782652
3171,-302.8378306878308,-377.63690476190476,112.27932831057832,0.6562952047952043
3172,-156.5048701298701,239.86865079365074,96.2011123136123,0.5631297498797496
3173,-50.167562992562985,-312.50519943019947,100.71919585044589,0.6198376697376697
3174,13.722691197691201,-291.68084415584417,93.10500841750843,0.555495743145743
3175,317.08392255892255,308.4087301587302,104.13399771524769,0.5922638287638288
3176,-97.87883597883598,-145.302886002886,93.90552109927107,0.5994664613164609
3177,244.46164021164014,-186.38584656084657,94.79789261664263,0.6483876623376622
3178,51.75357142857143,123.79603174603176,85.04717111592115,0.5991666666666665
3179,296.6858465608465,156.48548581048578,94.05411255411258,0.5290096274096275
3180,-333.208189033189,188.80211640211638,84.67200461575464,0.5661523680023677
3181,-284.3441798941799,229.52916157916155,96.71868964368964,0.5705194620194619
3182,112.61651034151033,138.20999278499278,90.94192150442156,0.5777996706996705
3183,87.01415343915345,-130.1304834054834,89.71931517556517,0.5695946127946123
3184,-81.89391534391535,-274.4148148148148,96.48738876863878,0.6013703222703219
3185,-345.98395863395865,202.70894660894666,90.84748538498535,0.567672473822474
3186,4.448003848003851,-132.32988585488584,104.5222095034595,0.5655665057165049
3187,-22.36767676767677,107.26482683982684,110.02040043290044,0.602408658008658
3188,72.86271043771043,-193.70810855810853,89.26045436045436,0.5999767695267696
3189,39.79369889369888,117.81992174492174,86.53323643948643,0.5757527583527583
3190,153.4521404521404,138.88566618566617,82.36566859066859,0.5505060846560844
3191,-45.307671957671964,-66.85719095719095,100.03174302549296,0.5948602453102455
3192,148.62918470418475,75.9395141895142,98.225955988456,0.6246730399230396
3193,-185.50066137566142,226.0352462352462,90.92950012950013,0.5836898804898801
3194,286.0671115921116,168.05954785954782,92.44562890812888,0.5284215969215972
3195,133.28748196248196,107.04583934583935,84.79479131979129,0.5802072668072668
3196,293.372594997595,313.4699393199393,95.13908776408776,0.5794266881266886
3197,-135.7719696969697,-270.47132034632034,92.68887686387687,0.6504825877825879
3198,-345.0326617826618,187.81924001924003,86.98997345247342,0.5553145317645314
3199,321.2015873015872,206.5708032708033,108.02616735116729,0.5250376086876085
3200,-213.0436026936027,-104.68489658489659,86.90076659451658,0.6157516113516112
3201,321.66755651755653,-231.6534151034151,83.18418109668107,0.6160665464165459
3202,-54.04543049543051,-292.51545214045217,99.65172258297257,0.5898624098124098
3203,-208.52901635401642,185.84864117364114,86.69367229992227,0.5690125245125247
3204,17.034343434343437,-22.99138176638176,94.95343845968847,0.5862469770969767
3205,28.393157768157774,-303.5397898397899,90.68458231583232,0.5796580956080956
3206,-130.03537758537755,-192.27929292929298,108.54559583934584,0.5913235930735928
3207,-19.13404280904281,178.25081770081766,98.29928543678542,0.5975816775816772
3208,212.45105820105823,-172.1873617123617,98.36669742294738,0.6243356014356012
3209,-291.2869769119769,-39.899735449735445,77.39562890812891,0.5615692881192879
3210,-3.820238095238095,110.75859788359789,100.73854918229925,0.6114419432419432
3211,17.705555555555552,145.51521164021165,86.8832748270248,0.5966723350723346
3212,-377.0614598364598,-33.56700336700336,71.72131132756134,0.6550317219817219
3213,52.54007936507936,115.28875661375663,78.16856661856664,0.5672606541606542
3214,-221.8801467051467,-173.63181818181818,83.31167929292924,0.5937138047138044
3215,-89.29353054353057,265.68288840788847,93.86930315055315,0.565369865319865
3216,43.50503848003847,-303.4322621822622,96.59461418211419,0.5848313038813038
3217,117.37432659932662,271.48814333814335,97.41517556517557,0.6199438672438669
3218,313.7105098605098,-61.62555315055316,99.13990800865795,0.6035214045214041
3219,130.3442760942761,-195.51707551707554,86.06506479631481,0.5907796407296402
3220,-239.70347522847518,-183.58512506012505,87.15367364117361,0.6190889369889366
3221,-351.5628205128205,158.79232804232802,78.91941253191251,0.5804234413734409
3222,284.54122174122176,322.35609575609567,102.86519129019135,0.6086048858548856
3223,185.39452861952864,274.7446007696007,94.85912698412702,0.6216867123617127
3224,214.12696007696013,-218.5526094276094,86.12343674843679,0.6581073833573827
3225,202.89060846560847,-334.00529100529104,71.38445212195214,0.6159872331372331
3226,85.29749879749879,205.87503607503615,87.35633417508413,0.5549784271284266
3227,17.64594757094757,-279.16201298701293,98.4383417508417,0.5879630832130825
3228,156.81022126022128,161.40280182780182,95.46391293891294,0.5657671717171717
3229,144.70912698412693,-101.22248677248676,100.95055315055315,0.5720941558441556
3230,308.0039682539682,149.2761784511784,90.03671120546117,0.5516116198616199
3231,295.4732804232803,296.36956469456464,100.68867544492538,0.5786252044252048
3232,153.59333536833537,-90.70901505901504,92.8292406667407,0.6201428108928104
3233,-192.18492063492067,189.77058682058683,80.3957725145225,0.5562918525918525
3234,-278.8752044252044,-330.4416305916307,112.6826772764273,0.6359704813704812
3235,-328.9163660413661,262.01637806637797,89.49207551707555,0.5597417027417023
3236,114.89140211640212,-78.07706830206828,118.45764652014654,0.7523446053946056
3237,88.65820105820106,129.90554353054355,82.26339285714285,0.5878909090909089
3238,52.9789923039923,-244.6717893217894,99.63490860990863,0.6050197450697448
3239,-268.26865079365075,312.14269434269437,101.34656917156916,0.6050252765752764
3240,-86.48799348799346,-286.0325803825805,99.41102115477119,0.610101058201058
3241,289.8311688311688,147.02052669552666,90.82389855514852,0.55881847041847
3242,-322.07491119991124,-137.33613146113146,91.61929736929734,0.5957842712842707
3243,17.811928811928812,274.47064694564693,108.02107383357382,0.6748885040885042
3244,110.73971861471861,164.47827080327085,96.02368395493401,0.5932008084508078
3245,200.20529100529103,-343.80145502645496,74.91804699929699,0.6231020239020241
3246,-55.93862433862434,133.0350529100529,92.93887062012065,0.5822430513930509
3247,-3.885052910052907,-113.21375661375666,103.11979178229181,0.6045635512635511
3248,209.4601851851852,-298.0568662818662,96.21943542568546,0.6240512506012508
3249,-71.7331067081067,227.24048821548826,94.61417864542864,0.5842513875013872
3250,208.05084175084176,41.07820697820698,104.48749930624928,0.5401852406852403
3251,170.20656565656572,-91.01352813852813,91.24518698893706,0.6183517797017788
3252,19.93561808561808,-117.7195915195915,89.99660362785363,0.54722893032893
3253,51.4339947089947,104.90793650793651,79.91973674473675,0.5784234876234874
3254,210.06296296296296,-171.89338624338623,86.5940175565175,0.5928139712139712
3255,-42.50052910052911,-301.25260942760946,100.62389670514672,0.6033233766233769
3256,210.83888888888887,-305.25093795093795,72.20386604136603,0.6492232082732081
3257,40.78416305916306,221.52180227180236,92.63618002368,0.5757639786139785
3258,353.6308561808562,165.03145743145748,102.04644337144332,0.5319954286454285
3259,246.12931420431408,-190.33424723424724,93.99707954082947,0.6658266418766413
3260,-161.12622100122098,-305.1366809116809,101.0024352961853,0.6274985810485814
3261,-227.0398148148149,228.55410052910054,88.62303090428092,0.5699673400673397
3262,20.709716209716206,217.19285714285718,84.49734848484849,0.5479027657527655
3263,-14.904100529100525,-128.54710567210566,100.4396367521368,0.5840165057165059
3264,88.98897306397308,204.59072871572866,93.82321888351296,0.6036032467532467
3265,-80.48653198653199,245.32964165464165,96.07774771524772,0.565232852332852
3266,-79.87846320346318,251.25886243386248,93.98078218078214,0.5670636400636402
3267,70.14867724867727,-152.86090668590668,101.12049223924227,0.6129917619417617
3268,-161.17711640211638,-85.77632275132272,100.3903439153439,0.5589283068783069
3269,-103.97231657231659,-151.8014911014911,88.27471509971512,0.599738306138306
3270,359.4449735449735,144.4893698893699,97.51555920930917,0.5600136123136118
3271,117.63686868686867,118.3496595996596,92.0197494634995,0.5521097532097538
3272,-152.18160173160172,-335.4993987493987,97.22149771524776,0.6262364838864835
3273,-155.96988936988933,-51.36423761423762,76.73593674843674,0.5657666907166905
3274,-219.71779701779704,-275.96333573833573,98.61596620971623,0.6154063973063972
3275,62.44933862433862,122.89054834054834,86.9943137880638,0.590235923335923
3276,249.24734247234244,261.37835682835674,101.00094141969146,0.6007156251156253
3277,53.0593073593074,123.56240981240985,94.30465067340063,0.5847927128427124
3278,54.30934343434343,-230.11056166056164,95.64926277426277,0.5846586413586408
3279,291.5170634920635,132.555278980279,97.05721200096197,0.5496029822029822
3280,229.58255170755172,-71.24801587301587,86.23701159951159,0.6291481407481408
3281,309.39877344877345,-326.99676527176536,85.1153318903319,0.5834320827320824
3282,323.86150793650796,-155.87358474858473,82.02111823361821,0.6595972416472416
3283,-286.6960215710215,216.06676286676293,88.66891465016467,0.5451087116587116
3284,314.2213083213083,188.85898268398267,94.72030908905904,0.5477863636363628
3285,-29.11737614237614,-61.09582732082734,86.24073172198169,0.575973520923521
3286,-80.73031505531502,-226.36955636955653,102.8901147463648,0.6055484200984199
3287,-167.03082010582008,243.57536075036074,98.3337542087542,0.5715951178451174
3288,309.6366402116402,311.3720779220779,103.35864297739293,0.5795709956709956
3289,317.1666185666186,-343.35022847522845,83.04006502756505,0.577830574980575
3290,93.42830687830688,111.6520562770563,82.98989297739296,0.5994751322751319
3291,69.5211159211159,284.1664502164503,90.9526905964406,0.5809210197210196
3292,259.1417388167388,-163.02944925444922,77.8622872497872,0.6416617438117437
3293,-15.71182058682059,50.63666056166058,92.5495844433344,0.5731252691752693
3294,315.12996632996624,346.31868409368406,102.66390877640876,0.585233816183816
3295,-244.76539201539194,-191.6842592592592,89.88002044252042,0.6216884800384797
3296,21.20582010582011,112.2320105820106,78.46057368557373,0.6164818329818331
3297,11.328150553150556,-293.4019841269842,105.83259680134685,0.594963997113997
3298,296.81613756613746,-93.81729196729194,93.85132275132275,0.6150883597883601
3299,190.48565416065418,-42.278535353535354,97.01857864357865,0.6563460076960074
3300,55.026587301587305,140.8427248677249,92.35898430273429,0.5986338550338547
3301,-0.08091630591630405,-282.9559884559885,99.05689634439638,0.573287445887446
3302,331.5839345839346,363.144264069264,106.94450156325152,0.5879861351611347
3303,235.83659211159218,265.28751711251704,102.69377497502498,0.593337408887409
3304,86.49130591630595,158.0923520923521,94.48986892736896,0.5882066859066856
3305,151.5787638287639,122.83415103415102,90.19826539201537,0.5511071669071671
3306,-213.6628306878307,162.5660052910053,94.71460738335745,0.5844047619047614
3307,114.00561568061569,-103.83277185777186,93.27225367225364,0.6048022255522251
3308,55.64036796536797,121.54478114478115,76.9605128667629,0.573413780663781
3309,-194.04540644540643,-207.42564935064937,86.07331950456948,0.6082482924482921
3310,-30.42275132275132,227.50965608465606,91.44649517149513,0.5906404225404223
3311,-117.31772486772488,-293.95171957671977,102.73198953823953,0.6048843915343909
3312,-251.42460317460316,176.3340187590188,86.75465668590667,0.5878235209235204
3313,-213.2228835978836,-88.48994708994708,91.32814153439155,0.5270314814814815
3314,62.79509564509564,-125.88677248677249,100.1342957967958,0.6117644781144777
3315,87.00511063011061,-222.26587301587304,97.31094923594925,0.5745333203833198
3316,-45.59076479076481,-120.49415584415586,101.9347793410294,0.5867638287638287
3317,-155.78566618566614,-265.509102934103,97.98039021164023,0.6520354978354977
3318,-234.97871572871577,-82.13928571428572,85.99282407407404,0.6166198893698891
3319,-229.16412938912933,-190.5196248196248,94.99990194990194,0.6413505217005218
3320,-134.76552429052433,-74.30923520923521,97.28128306878307,0.5767848003848001
3321,83.35966810966812,-64.4796657046657,84.47019832019832,0.7172700688200688
3322,310.6063612313613,-360.02564935064936,87.15944564694566,0.6128113997113995
3323,-1.6596440596440585,235.7803270803271,94.84761419136417,0.5439834813334812
3324,-97.67901635401637,-31.998885373885376,76.65007654382654,0.5664817108817104
3325,308.90336700336695,-338.73591871091884,77.64711700336701,0.5829642135642128
3326,-18.797883597883608,124.56731601731602,85.10765692640693,0.6215670755170751
3327,284.3681096681096,287.2174501424501,100.37110019610017,0.5821353461353463
3328,-60.35568783068784,115.78042328042328,89.47469937469938,0.547983597883598
3329,180.2347763347763,-323.26598124098126,85.16323352573356,0.5841586339586338
3330,3.320418470418471,234.508682058682,95.02929778554778,0.5601975024975027
3331,196.01427368927364,-18.849053724053718,105.56135693010695,0.5703926480926479
3332,-93.55026455026457,122.11134513634516,86.40593966218967,0.5928489417989419
3333,65.65198412698412,120.17455507455506,90.29851884226883,0.6044316128316124
3334,-115.68163780663778,-57.38243145743145,87.62693302068304,0.5700711159211156
3335,-124.6201178451178,37.35852203352205,88.40326710326714,0.5574371646871642
3336,18.52934102934103,-213.86713564213568,105.87265512265513,0.5167539923039923
3337,122.28802308802308,124.78745791245792,83.83374218374219,0.5479885521885521
3338,-314.07768157768163,174.9280663780664,77.87417513042512,0.5575651626151621
3339,115.56626984126983,-215.9514550264551,97.2082491582492,0.6256335257335254
3340,249.23797498797492,-315.7295454545455,86.95118215118214,0.5417370684870684
3341,77.42089947089944,-179.32063492063492,93.71958943833947,0.6028179487179486
3342,-22.42231842231842,-79.6462602212602,81.99620168774577,0.641556517556517
3343,-196.3798941798942,151.09626022126022,97.92948532948536,0.5877323472823467
3344,312.6049302549302,313.8666666666667,103.54894665519662,0.5812604136604137
3345,113.15701058201057,-17.133609908609913,91.36706950456953,0.6418852813852812
3346,141.67626262626263,128.6954665704666,84.60930134680137,0.5836432900432897
3347,-116.21773689273684,-273.43252765752754,107.69228294853295,0.5964417508417509
3348,28.466402116402115,-168.92894790394791,95.16089997964997,0.5606552503052504
3349,-199.13670033670033,-323.9988335738336,106.50579536204535,0.6613213952713949
3350,124.08780663780666,104.14531024531026,81.54096135346134,0.5747744385244382
3351,70.93190235690233,100.46878306878307,82.65384361009363,0.6152690883190881
3352,-85.12586580086578,160.6655844155844,76.45075757575759,0.5747183020683023
3353,-98.11014911014912,-34.68225108225109,94.84986032486034,0.600933344433344
3354,116.39166666666667,-191.52751322751323,97.81050685425684,0.6064649110149106
3355,34.65484607984609,-215.86990509490516,99.20879259629258,0.5806058275058273
3356,-242.1124699374699,257.24060846560855,103.34881623006623,0.5834440189440188
3357,-17.257407407407413,135.2099206349206,90.74470598845596,0.6163726791726785
3358,321.4505531505532,348.0833092833093,105.40660774410777,0.6066657287157283
3359,316.07751322751307,-185.88834776334772,106.45616281866283,0.6894885521885515
3360,236.20442520442512,331.66711344211353,101.84132881007885,0.6390804972804972
3361,12.552982202982205,117.43719336219338,83.73011086136087,0.6018247678247677
3362,309.1832251082251,142.45386002886002,98.8237709050209,0.5354665723165722
3363,-217.83310485810486,223.5438311688312,95.53806216931213,0.6171535834535832
3364,-168.6390091390091,-212.62989417989428,98.33098544973545,0.5846354497354497
3365,313.5521164021164,167.43481240981245,102.31929297554295,0.5343196007696008
3366,-130.89814814814812,143.5686748436749,85.75423465423464,0.5903054704554703
3367,-138.1705988455988,-356.44955507455506,111.64099627224637,0.707135738335738
3368,58.55462962962964,121.70661375661376,88.96564153439157,0.5646449735449738
3369,-181.5742063492064,164.67420634920634,91.0490294427794,0.5816270026270024
3370,-281.53054538054533,270.8656926406926,98.8413232600733,0.5771784807784806
3371,-36.08601491101492,-82.58839956339956,101.22181869056868,0.5823637399637394
3372,-213.4830567580567,-347.11632996633,98.91186568061569,0.6264063492063489
3373,-195.7566035816036,213.415392015392,91.15160765160763,0.5794979853479848
3374,-116.37057479557484,299.3289923039924,101.95324235949236,0.5396494782994776
3375,235.65858585858587,-127.72473544973548,92.32726671476672,0.6342306156806157
3376,-218.74283309283308,266.14356661856664,88.91153568653569,0.5637246105746102
3377,-282.7464267214267,-110.26832611832613,87.82009888259887,0.5950039035039033
3378,360.94574314574317,153.5279701779702,87.85466154216148,0.5285757094757091
3379,-119.22605635105634,-214.92454304954316,85.618225986976,0.5590658082658087
3380,203.06544011544008,-42.1699531949532,106.94734177859175,0.5779515706515705
3381,-196.49271284271288,-149.34518999519003,96.74142015392017,0.603270899470899
3382,207.42050264550264,-267.2374218374219,91.89502465127467,0.5991432178932179
3383,75.28074795574794,-270.926923076923,93.49851930476933,0.6117146372146364
3384,25.393901468901472,214.20460557960558,86.94058973433972,0.5817672253672254
3385,372.676948051948,-8.904885854885856,91.59524642024638,0.6184924316424315
3386,363.25952380952384,-27.856028231028226,98.69569735819732,0.6194072705072706
3387,48.501503126503124,228.2994227994228,92.19280904280907,0.5819697570947565
3388,-362.504884004884,181.0878547378547,91.93543100418097,0.5701181152181153
3389,-158.6063658563659,146.55340307840305,81.10769739519736,0.5957507252007251
3390,31.804653679653686,108.62089947089949,91.27938311688311,0.5886315055315053
3391,-255.35271765271764,135.05080567580566,83.18705923705924,0.6094910330410327
3392,-79.92163577163576,-8.53423520923521,105.30450059200062,0.6029420246420244
3393,-126.33837181337182,-303.86099086099074,108.80912698412698,0.6152903078403077
3394,-273.06973304473314,327.40067340067344,91.36466334591337,0.6009187941687941
3395,-249.03875476375475,-110.41360028860028,92.06885891885891,0.5930494893994888
3396,-39.30476190476192,-194.82687960187963,94.31293821918825,0.5980474340474342
3397,310.69510582010577,269.9625661375661,107.18514009139007,0.552108321308321
3398,-85.34576719576718,111.35066137566139,83.6442881192881,0.6050601972101965
3399,189.07691197691196,-294.2373496873497,88.96275252525253,0.6044806156806161
3400,307.405735930736,189.9781986531987,90.49352545602547,0.5468313075813072
3401,36.871681096681094,-13.036279461279461,102.39101430976433,0.6247710678210673
3402,289.060642135642,162.35478595478594,99.86693121693118,0.5245943722943723
3403,-112.5165103415104,-262.0504088504089,107.50835738335735,0.5937287638287637
3404,-14.735329485329482,-295.4647546897546,99.46778198653203,0.6104104858104863
3405,255.71392496392494,-119.14800384800391,91.38694384319385,0.6178245310245307
3406,-113.91865079365078,133.55334295334296,81.6075757575758,0.6059435786435783
3407,324.2261063011063,186.50731120731118,90.62724798349795,0.5328907185407181
3408,279.11718374218367,300.25571188071194,104.36142676767673,0.607353006253006
3409,-202.55282587782588,-87.71717171717171,97.797594997595,0.5577682058682062
3410,155.99782347282343,134.3896464646465,83.47132474007482,0.5888077052577051
3411,-313.0973063973064,-84.52361712361714,81.95831529581534,0.6264803030303028
3412,93.803724978725,-32.20474617974619,88.29844368594368,0.5716206534206534
3413,-11.329220779220774,-212.5831205831206,98.68214817589816,0.5866229270729264
3414,311.5403439153438,274.051467051467,101.86918590668587,0.5625441798941799
3415,220.5113275613276,-311.5324074074074,89.7732871295371,0.585441662041662
3416,-334.0881192881193,-66.14132996632995,79.69580627705628,0.6110615680615679
3417,1.4077561327561334,-335.67465034965034,101.26410372035375,0.5885989084989078
3418,-121.26295278795281,134.58730158730162,82.74513518888521,0.6123910829910827
3419,290.40085377585376,151.20291005291,96.62310837310835,0.5510350908350907
3420,54.56844636844636,-297.4850288600288,88.62044552669552,0.5866473544973543
3421,-163.0105459355459,233.58454785954785,92.49985731860724,0.5804036186036182
3422,130.89445646945643,-92.54892144892143,94.01942848817843,0.5965416990416985
3423,217.60002405002407,-275.03701298701304,90.76008297258294,0.5924523088023089
3424,327.31672679172675,158.37142857142857,83.31423345173344,0.5341831890331892
3425,-58.78075998075999,-78.55018407518405,101.91623006623009,0.5553244903244903
3426,317.08780663780664,-87.60072150072149,86.2074675324675,0.6277081048581051
3427,-226.65804473304476,-283.225012025012,92.90344817219818,0.6219786195286193
3428,-232.90020442520444,262.8067155067155,98.97115731490727,0.5665183501683496
3429,-18.462049062049058,222.33281625781626,87.95877224627225,0.5490816738816736
3430,325.1487133237132,158.12016594516595,93.9326055888556,0.5147587764087763
3431,263.4575276575276,281.02066082066074,100.07585423835427,0.6295792133792136
3432,-297.88845783845784,158.3237854737855,73.43074286824285,0.5456529026529023
3433,-255.16957671957672,270.6452982202983,100.11117424242423,0.5681159932659923
3434,-159.98584656084657,373.675481000481,109.74420371295375,0.5398992174492171
3435,-212.64818422318427,-291.44512987012985,106.65891053391047,0.6613332130832129
3436,332.6197931697932,336.4440355940356,102.13468314093315,0.5697796296296297
3437,114.1397546897547,-66.7512987012987,97.08730759980762,0.5834338143338144
3438,335.32473544973544,152.8549903799904,81.48451479076483,0.547528379028379
3439,-110.20215432715432,250.5474867724868,94.80261451511453,0.5535141007141007
3440,20.18121693121692,-5.580291005291009,85.50901667776667,0.5604393014393015
3441,-362.1479696229696,147.09935064935067,81.01617780367779,0.589995759795759
3442,39.80444925444925,-9.376683501683504,89.96261215636216,0.5781438709438705
3443,280.03189033189034,337.0373857623856,102.25655548155555,0.6236183621933623
3444,-193.16256613756616,168.13584656084663,84.80858585858579,0.5932698893698884
3445,15.260582010582008,-153.74986772486773,92.54199434824432,0.620404304954305
3446,-294.4143458393458,159.61385281385282,80.61818482443479,0.5590786435786436
3447,83.37403799903802,-88.09058811558809,90.27078130203132,0.6175138935138933
3448,45.718253968253954,-309.9985801235801,89.55434842934842,0.5644683649683649
3449,-129.11063011063007,-305.13204665704666,103.54477212602212,0.6200221500721497
3450,-183.666835016835,-323.1467893217894,101.02680375180378,0.637111904761904
3451,195.10436507936507,-107.13134920634923,95.18588263588258,0.6088927849927845
3452,-325.5178645428646,-59.87734117734117,85.0724088411588,0.6000866762866758
3453,-279.79131794131797,176.9290885040885,73.52371332371334,0.616506685906686
3454,-157.1518759018759,132.68303270803267,91.2794672919673,0.5998657527657524
3455,57.98323713323714,126.350468975469,80.84111050986051,0.555296127946128
3456,-34.18386243386242,111.29835257335256,107.46096079846083,0.6110421837421837
3457,-266.76036556036547,-75.56536796536794,95.24770021645023,0.6155360269360263
3458,78.34669312169314,149.06586099086098,87.7084956709957,0.5529902597402592
3459,140.39847282347284,-317.96150793650787,86.02233946608946,0.5708273929773927
3460,9.320442520442525,-386.0613867613867,130.98500619750618,0.6266773837273836
3461,30.575974025974023,220.08306878306882,101.08529641654641,0.5481016354016355
3462,61.23811928811928,105.98644781144783,83.5220658970659,0.5717640452140448
3463,-165.28496873496877,222.15025252525254,95.61458333333334,0.5704405483405481
3464,-2.088961038961038,221.67156084656085,95.20884555259548,0.5696949050949053
3465,64.35491822991824,123.94504569504568,91.11322150072151,0.5692713083213085
3466,96.25330687830687,137.94232804232806,82.73766395641397,0.5670054760054755
3467,195.17615440115446,-320.65526695526705,93.52942289192289,0.575300825100825
3468,151.92692400192405,-7.117845117845118,84.20040584415584,0.5651563011063008
3469,-220.67831335331337,-330.22890072890067,89.30928354053356,0.5772911495911496
3470,-180.1672558922559,-55.6716810966811,80.02858946608947,0.5734926166426161
3471,-17.281625781625777,-279.745165945166,101.47105278980277,0.5856029100529098
3472,229.63217893217885,123.9492063492064,90.68759805009809,0.5568744385244384
3473,62.631108706108705,103.5222943722944,90.21569264069264,0.5989224386724388
3474,304.6453102453102,-330.1675444925445,80.24595959595956,0.5881226791726794
3475,-168.6190476190476,285.92401394901395,83.27368487993485,0.5346216320716319
3476,31.676479076479076,128.55066137566138,91.33446530321534,0.6038928460428465
3477,29.86404521404522,135.21785714285716,85.59023337773343,0.5751586728086726
3478,154.4419312169312,-7.9157888407888395,106.55884370259368,0.6215450327450326
3479,28.263095238095236,-155.1921596921597,91.9581296018796,0.6069904354904357
3480,156.62178932178935,-12.028848003848003,97.33975098975097,0.6194759851259852
3481,-8.646031746031746,112.55488215488216,83.73727753727758,0.6307184944684943
3482,79.33470418470417,-228.89537037037042,96.1136303511304,0.5521652236652232
3483,192.7531746031746,-274.28317700817706,86.96047378547375,0.5997549302549303
3484,-7.128186628186628,-197.81106301106306,103.66737012987014,0.5706505772005769
3485,191.62579365079367,-170.88989898989894,93.91081117956115,0.6196888481888474
3486,213.68843193843193,292.4415723165724,96.90228521478524,0.5869403605653603
3487,-286.0340909090909,-51.72632275132274,80.45551046176048,0.5604961038961033
3488,-292.7411375661375,218.82760942760947,99.79028078403077,0.5700670033670032
3489,238.71564454064446,134.65217652717647,103.41003787878785,0.5346085618085616
3490,86.05060125060126,-310.6168951418951,91.97495906870904,0.6001675620675617
3491,-339.17525437525427,178.3060485810486,75.63253644503645,0.548773741073741
3492,199.47301587301578,-145.12526455026457,102.02072580197579,0.6076074148074142
3493,-213.72751322751324,173.3603174603175,87.34915824915826,0.5896242183742176
3494,-197.92538665038668,189.92865560365564,76.92175555925554,0.5675745846745848
3495,-266.2718614718614,341.61940836940835,99.5439574314574,0.575540909090909
3496,3.6706349206349214,89.64259259259259,74.28849576349582,0.5778844951344949
3497,333.2598364598365,-338.21479076479085,83.3061665186665,0.5438946442446442
3498,202.6606421356422,-322.93255170755174,90.62876382876382,0.6021652236652232
3499,97.29235209235206,161.28512506012507,87.16813071188075,0.5504899970399968
